store_id,rank,tier,score,tier_stability,is_borderline,revenue_scale_points,momentum_points,stability_points,basket_points
842,1,A,93.413,1.0,False,39.857,19.776,18.78,15.0
108,2,A,93.274,1.0,False,38.027,23.43,17.758,14.058
342,3,A,92.287,1.0,False,38.17,21.883,18.054,14.179
434,4,A,90.152,1.0,False,36.556,20.314,18.834,14.448
1080,5,A,88.045,1.0,False,36.807,19.058,19.022,13.157
587,6,A,87.935,1.0,False,35.982,22.814,14.368,14.771
1092,7,A,85.854,1.0,False,38.744,17.881,19.623,9.605
1075,8,A,84.794,1.0,False,38.422,16.166,19.982,10.224
868,9,A,84.341,1.0,False,35.839,15.471,18.099,14.933
640,10,A,83.538,1.0,False,38.457,18.229,12.619,14.233
755,11,A,83.46,1.0,False,37.238,17.253,16.457,12.511
571,12,A,83.081,1.0,False,28.951,22.399,17.202,14.529
228,13,A,83.054,1.0,False,29.919,21.345,17.3,14.489
522,14,A,82.978,1.0,False,31.139,20.269,17.525,14.045
1033,15,A,82.72,1.0,False,39.318,17.926,14.942,10.534
738,16,A,82.552,1.0,False,32.646,20.381,16.341,13.184
532,17,A,82.509,1.0,False,37.883,20.146,19.462,5.018
620,18,A,81.91,1.0,False,29.202,22.444,19.058,11.206
974,19,A,81.693,1.0,False,38.493,22.612,18.906,1.682
687,20,A,81.22,1.0,False,31.821,23.296,14.17,11.933
769,21,A,80.742,0.997,False,37.812,23.599,19.318,0.013
595,22,A,80.61,1.0,False,39.534,21.704,14.368,5.004
533,23,A,80.596,1.0,False,35.946,24.664,9.399,10.587
115,24,A,80.018,1.0,False,26.583,21.906,17.094,14.435
895,25,A,79.711,1.0,False,35.013,16.648,17.65,10.399
24,26,A,79.509,1.0,False,35.336,22.971,9.525,11.677
1114,27,A,79.26,0.997,False,39.928,19.417,19.444,0.471
697,28,A,78.993,1.0,False,37.489,18.868,12.197,10.439
64,29,A,78.98,1.0,False,37.166,20.617,7.031,14.166
310,30,A,78.964,1.0,False,31.247,23.363,11.749,12.605
372,31,A,78.803,1.0,False,33.435,21.502,11.623,12.242
432,32,A,78.686,0.998,False,37.955,21.345,18.323,1.063
888,33,A,78.471,1.0,False,30.242,22.287,15.22,10.722
704,34,A,78.379,1.0,False,37.202,17.141,16.072,7.964
694,35,A,78.305,1.0,False,30.601,20.09,17.713,9.901
515,36,A,78.188,1.0,False,34.224,14.013,16.565,13.386
389,37,A,78.157,1.0,False,37.13,21.592,15.48,3.955
148,38,A,78.148,1.0,False,32.897,16.121,18.852,10.278
36,39,A,77.933,1.0,False,35.193,17.713,19.821,5.206
251,40,A,77.881,0.998,False,39.892,17.41,17.928,2.65
412,41,A,77.74,1.0,False,34.368,9.395,19.193,14.785
35,42,A,77.565,0.997,False,36.054,24.148,2.996,14.368
765,43,A,77.522,1.0,False,32.61,15.774,16.143,12.996
826,44,A,77.388,1.0,False,33.686,14.944,16.637,12.121
527,45,A,77.334,1.0,False,37.704,11.715,17.247,10.668
827,46,A,77.256,0.999,False,38.96,21.3,14.655,2.341
56,47,A,77.215,1.0,False,26.188,24.372,11.749,14.906
698,48,A,77.204,0.998,False,39.641,14.563,19.57,3.43
411,49,A,77.101,1.0,False,34.404,18.531,10.054,14.112
525,50,A,77.085,0.999,False,36.951,8.543,19.121,12.471
431,51,A,77.085,1.0,False,35.767,17.556,16.108,7.655
259,52,A,77.0,0.988,False,38.565,22.152,16.161,0.121
455,53,A,76.964,1.0,False,26.547,22.87,12.574,14.973
739,54,A,76.874,1.0,False,35.803,21.861,5.57,13.641
903,55,A,76.848,0.993,False,38.601,4.283,19.085,14.879
81,56,A,76.834,1.0,False,22.996,20.74,19.525,13.574
995,57,A,76.767,1.0,False,34.834,17.668,11.686,12.578
394,58,A,76.381,1.0,False,31.713,19.462,11.444,13.762
211,59,A,76.341,1.0,False,39.067,17.601,14.17,5.502
1064,60,A,76.305,1.0,False,35.516,18.341,16.691,5.758
84,61,A,76.222,1.0,False,38.996,15.617,14.628,6.982
1097,62,A,76.197,0.985,False,36.161,20.247,19.749,0.04
270,63,A,76.04,0.996,False,34.906,19.484,19.229,2.422
430,64,A,75.993,1.0,False,32.861,13.217,16.502,13.413
539,65,A,75.874,0.998,False,38.386,8.991,19.767,8.731
985,66,A,75.67,1.0,False,31.857,21.177,11.713,10.924
362,67,A,75.614,1.0,False,35.265,21.614,14.915,3.821
390,68,A,75.496,1.0,False,38.529,14.989,11.013,10.964
20,69,A,75.278,1.0,False,29.094,20.717,18.996,6.471
599,70,A,75.249,0.998,False,36.233,9.137,18.377,11.502
421,71,A,75.197,1.0,False,35.874,20.359,11.525,7.439
546,72,A,75.195,0.996,False,39.283,11.984,19.139,4.789
1089,73,A,75.119,1.0,False,36.735,13.464,15.65,9.269
448,74,A,74.926,1.0,False,32.502,15.123,15.274,12.027
190,75,A,74.91,1.0,False,24.969,22.309,16.386,11.247
865,76,A,74.845,1.0,False,27.659,19.294,15.031,12.861
729,77,A,74.608,1.0,False,37.274,17.836,11.211,8.287
137,78,A,74.33,1.0,False,31.318,19.294,18.404,5.314
214,79,A,74.244,1.0,False,35.049,11.626,13.444,14.126
1061,80,A,74.22,1.0,False,26.619,22.422,10.798,14.381
788,81,A,74.217,0.983,False,39.749,5.37,19.022,10.076
192,82,A,74.099,0.96,False,34.117,25.0,0.251,14.731
507,83,A,74.009,1.0,False,32.287,17.623,10.215,13.883
1000,84,A,73.937,1.0,False,26.978,20.65,15.157,11.152
287,85,A,73.91,1.0,False,30.816,14.664,19.498,8.933
761,86,A,73.83,1.0,False,33.291,18.61,16.386,5.543
787,87,A,73.783,1.0,False,36.915,18.128,12.753,5.987
484,88,A,73.67,1.0,False,28.664,19.204,15.767,10.036
279,89,A,73.601,0.97,False,33.83,23.52,1.857,14.395
154,90,A,73.596,1.0,False,33.327,18.453,9.049,12.767
1046,91,A,73.462,0.994,False,33.148,21.099,5.372,13.843
553,92,A,73.401,1.0,False,23.713,20.213,18.188,11.287
298,93,A,73.388,1.0,False,32.0,12.365,15.785,13.238
80,94,A,73.316,1.0,False,27.91,17.365,13.74,14.3
233,95,A,73.289,0.999,False,35.48,12.904,18.422,6.484
838,96,A,73.056,1.0,False,30.17,22.612,11.865,8.408
915,97,A,72.812,0.976,False,18.332,21.996,19.058,13.426
423,98,A,72.646,0.949,False,37.848,14.753,19.883,0.161
416,99,A,72.5,0.989,False,37.991,16.85,14.807,2.852
333,100,A,72.442,0.984,False,36.269,17.881,15.857,2.435
859,101,A,72.365,1.0,False,27.336,15.661,19.587,9.78
951,102,A,72.238,1.0,False,29.274,21.256,10.825,10.883
721,103,A,72.025,1.0,False,28.377,16.738,17.587,9.323
42,104,A,71.996,1.0,False,36.771,17.646,10.771,6.807
1010,105,A,71.917,0.996,False,33.758,20.056,6.843,11.26
682,106,A,71.901,0.947,False,38.278,15.448,17.785,0.39
229,107,A,71.67,0.999,False,32.969,17.365,8.717,12.619
283,108,A,71.386,0.994,False,24.323,19.529,18.762,8.771
157,109,A,71.323,1.0,False,36.126,13.677,12.951,8.57
354,110,A,71.321,1.0,False,31.892,16.02,10.52,12.888
323,111,A,71.278,1.0,False,26.475,15.83,16.179,12.794
637,112,A,71.076,0.96,False,33.184,6.996,17.202,13.695
733,113,A,71.061,0.896,False,39.498,11.469,20.0,0.094
820,114,A,71.058,0.898,False,38.78,1.973,18.924,11.381
493,115,A,70.897,0.993,False,31.462,22.175,7.668,9.592
1021,116,A,70.859,0.983,False,33.794,15.078,17.399,4.587
574,117,A,70.834,0.982,False,33.937,9.776,12.7,14.422
684,118,A,70.789,0.943,False,28.735,24.103,4.323,13.628
146,119,A,70.778,0.995,False,29.417,21.794,8.152,11.415
807,120,A,70.583,0.924,False,36.305,5.852,19.426,9.0
414,121,A,70.543,0.936,False,18.726,19.843,17.632,14.341
125,122,A,70.372,0.926,False,38.673,12.691,17.031,1.978
1101,123,A,70.339,0.999,False,36.628,14.226,10.323,9.161
496,124,A,70.22,0.995,False,28.807,22.242,12.135,7.036
316,125,A,70.184,0.987,False,36.413,14.103,8.529,11.139
346,126,A,70.132,0.962,False,21.596,22.343,14.879,11.314
368,127,A,70.09,0.882,False,36.018,17.96,1.489,14.623
199,128,A,70.061,0.968,False,29.955,19.563,6.673,13.87
618,129,A,70.058,0.953,False,21.632,20.291,13.552,14.583
49,130,A,70.02,0.988,False,26.045,18.868,10.457,14.65
158,131,A,69.969,0.883,False,30.888,5.314,18.807,14.96
33,132,A,69.922,0.986,False,32.215,10.998,17.561,9.148
490,133,A,69.807,0.919,False,31.283,16.323,19.659,2.543
388,134,A,69.807,0.988,False,37.022,13.587,12.0,7.197
679,135,A,69.722,0.94,False,36.592,9.025,16.861,7.244
76,136,A,69.7,0.987,False,34.045,11.345,16.224,8.085
911,137,A,69.581,0.944,False,36.448,8.105,14.009,11.018
465,138,A,69.578,0.961,False,29.13,19.417,7.121,13.91
513,139,A,69.357,0.864,False,39.821,5.908,18.26,5.368
545,140,A,69.334,0.949,False,37.417,16.401,5.668,9.848
1066,141,A,69.3,0.838,False,38.135,3.004,19.525,8.637
106,142,A,69.249,0.997,False,33.004,16.738,9.309,10.197
51,143,A,69.22,0.901,False,20.7,16.48,17.525,14.516
853,144,A,69.182,0.986,False,34.762,14.316,13.821,6.283
909,145,A,69.168,0.841,False,37.632,20.437,0.861,10.238
355,146,A,69.029,0.959,False,34.475,15.975,14.099,4.48
661,147,A,69.007,0.978,False,24.825,18.643,12.287,13.251
1091,148,A,68.872,0.969,False,31.354,16.805,7.865,12.848
723,149,A,68.771,0.881,False,23.641,24.081,7.516,13.534
938,150,A,68.702,0.886,False,35.408,7.186,17.74,8.368
963,151,A,68.675,0.848,False,37.74,17.747,2.762,10.426
808,152,A,68.578,0.974,False,25.83,18.341,11.238,13.17
857,153,A,68.565,0.89,False,26.942,23.901,14.17,3.552
150,154,A,68.543,0.982,False,32.108,18.587,8.269,9.578
116,155,A,68.498,0.956,False,25.865,16.233,18.475,7.924
60,156,A,68.359,0.814,False,30.565,23.475,2.601,11.717
943,157,A,68.318,0.934,False,22.78,17.108,16.269,12.161
1093,158,A,68.251,0.999,False,31.641,16.121,12.646,7.843
937,159,A,68.233,0.866,False,25.399,22.22,7.148,13.466
4,160,A,68.188,0.832,False,35.91,12.489,18.377,1.413
799,161,A,68.152,0.78,True,36.52,2.691,17.668,11.274
523,162,A,68.056,0.877,False,39.605,10.818,12.197,5.435
756,163,A,67.933,0.813,False,39.677,13.386,13.821,1.049
608,164,A,67.892,0.874,False,34.978,18.744,5.453,8.717
696,165,A,67.679,0.855,False,29.596,23.688,11.489,2.906
528,166,A,67.52,0.82,False,37.525,11.054,7.318,11.623
633,167,A,67.352,0.718,True,25.076,8.464,19.605,14.206
775,168,A,67.269,0.684,True,33.076,1.48,17.955,14.758
1059,169,A,67.217,0.819,False,32.143,20.482,13.139,1.453
381,170,A,67.197,0.798,True,34.081,8.61,17.417,7.09
578,171,A,67.157,0.989,False,30.96,14.507,11.399,10.291
384,172,A,67.152,0.796,True,33.722,22.108,5.525,5.798
707,173,A,67.099,0.949,False,31.498,15.74,13.471,6.39
104,174,A,66.942,0.701,True,36.7,7.848,19.946,2.448
335,175,A,66.814,0.752,True,39.175,17.029,10.475,0.135
993,176,A,66.798,0.82,False,27.946,21.771,7.865,9.215
77,177,A,66.778,0.829,False,28.018,18.711,7.901,12.148
161,178,A,66.765,0.795,True,25.543,17.253,18.224,5.744
871,179,A,66.547,0.672,True,17.507,23.924,10.978,14.139
195,180,A,66.518,0.774,True,37.561,12.119,12.574,4.265
424,181,A,66.43,0.723,True,22.314,23.139,15.004,5.973
358,182,A,66.428,0.785,True,37.094,11.581,11.121,6.632
768,183,A,66.39,0.727,True,39.031,9.619,9.749,7.991
191,184,A,66.303,0.695,True,21.704,17.791,18.978,7.83
128,185,A,66.28,0.645,True,27.049,22.567,2.996,13.668
185,186,A,66.251,0.684,True,24.861,19.753,7.363,14.274
25,187,A,66.22,0.635,True,38.206,24.843,2.027,1.143
403,188,A,66.164,0.736,True,27.157,12.365,17.345,9.296
791,189,A,66.09,0.669,True,28.305,23.969,6.323,7.493
975,190,A,66.031,0.982,False,28.628,15.045,12.43,9.928
29,191,A,65.848,0.609,True,26.439,24.238,3.426,11.744
673,192,A,65.827,0.612,True,24.466,22.343,5.686,13.332
479,193,A,65.812,0.661,True,38.314,10.135,12.52,4.843
753,194,A,65.742,0.665,True,33.22,12.567,8.036,11.919
632,195,A,65.709,0.634,True,23.605,21.457,18.009,2.637
932,196,A,65.709,0.67,True,26.762,13.027,16.717,9.202
922,197,A,65.697,0.613,True,26.798,11.85,17.094,9.955
230,198,A,65.682,0.694,True,27.587,19.17,15.48,3.444
250,199,A,65.652,0.609,True,32.395,15.549,3.785,13.924
959,200,A,65.65,0.657,True,23.821,17.489,16.807,7.534
356,201,A,65.603,0.569,True,13.022,23.195,15.139,14.247
880,202,A,65.536,0.642,True,27.372,13.845,16.691,7.628
724,203,A,65.527,0.583,True,21.453,17.926,17.874,8.274
1072,204,A,65.48,0.632,True,21.525,18.924,14.565,10.466
586,205,A,65.448,0.624,True,39.57,15.247,10.215,0.417
790,206,A,65.401,0.571,True,27.013,10.482,16.807,11.099
529,207,A,65.33,0.791,True,29.489,15.661,10.52,9.659
262,208,A,65.285,0.574,True,39.964,5.235,19.857,0.229
562,209,A,65.26,0.568,True,39.785,5.336,19.964,0.175
396,210,A,65.253,0.607,True,36.879,13.464,7.363,7.547
118,211,A,65.215,0.565,True,29.309,19.731,4.0,12.175
327,212,A,65.211,0.605,True,28.915,22.085,9.704,4.507
343,213,A,65.112,0.553,True,25.04,24.126,6.395,9.552
9,214,A,65.108,0.538,True,19.803,24.283,9.184,11.839
107,215,A,65.087,0.577,True,26.368,17.029,19.336,2.354
383,216,A,65.018,0.542,True,39.713,3.274,19.247,2.785
458,217,A,64.973,0.493,True,27.767,8.789,17.614,10.803
766,218,A,64.883,0.502,True,16.538,23.049,13.094,12.202
668,219,A,64.863,0.589,True,34.009,14.316,14.036,2.502
178,220,A,64.843,0.529,True,36.664,11.682,5.372,11.126
380,221,A,64.836,0.508,True,39.426,4.608,10.673,10.13
783,222,A,64.832,0.504,True,21.919,17.41,16.314,9.188
7,223,A,64.753,0.547,True,33.614,12.063,12.108,6.969
236,224,B,64.715,0.486,True,24.395,21.132,15.004,4.184
16,225,B,64.686,0.452,True,28.448,15.83,14.314,6.094
467,226,B,64.641,0.489,True,39.211,4.193,16.664,4.574
1073,227,B,64.516,0.497,True,25.758,24.619,10.978,3.161
849,228,B,64.451,0.559,True,30.852,12.298,14.709,6.592
1032,229,B,64.395,0.541,True,34.619,13.296,8.771,7.709
747,230,B,64.388,0.583,True,30.386,14.854,7.094,12.054
600,231,B,64.258,0.579,True,23.139,20.617,8.717,11.785
957,232,B,64.213,0.579,True,29.704,20.146,7.462,6.901
1087,233,B,64.197,0.566,True,17.794,20.987,15.973,9.444
500,234,B,64.135,0.557,True,10.439,24.036,15.049,14.61
560,235,B,64.11,0.515,True,39.247,19.608,0.816,4.439
464,236,B,64.034,0.548,True,37.453,5.729,17.004,3.848
900,237,B,63.973,0.582,True,14.206,21.749,17.525,10.493
100,238,B,63.924,0.699,True,30.027,12.063,9.525,12.309
174,239,B,63.87,0.601,True,15.067,15.919,19.39,13.493
796,240,B,63.825,0.645,True,25.471,19.709,7.668,10.978
726,241,B,63.767,0.568,True,38.063,13.117,2.646,9.942
54,242,B,63.493,0.85,False,29.74,11.928,10.915,10.91
224,243,B,63.493,0.625,True,20.341,22.735,5.713,14.704
375,244,B,63.395,0.622,True,34.511,14.013,1.74,13.13
401,245,B,63.368,0.665,True,23.534,22.265,6.565,11.004
616,246,B,63.343,0.676,True,32.574,5.908,15.336,9.525
200,247,B,63.327,0.671,True,28.843,11.928,19.274,3.283
320,248,B,63.256,0.593,True,39.462,8.61,13.946,1.238
742,249,B,63.249,0.989,False,30.35,14.226,12.0,6.673
760,250,B,63.242,0.629,True,28.09,15.157,19.713,0.283
611,251,B,63.188,0.663,True,13.883,17.332,19.3,12.673
691,252,B,63.179,0.7,True,31.785,5.673,11.166,14.556
914,253,B,63.121,0.721,True,35.695,9.888,12.87,4.668
863,254,B,63.07,0.772,True,28.52,12.948,16.906,4.695
101,255,B,63.052,1.0,False,27.229,15.975,11.964,7.883
1048,256,B,63.031,0.667,True,22.027,22.377,4.61,14.018
415,257,B,62.85,0.736,True,17.256,18.061,14.592,12.942
445,258,B,62.812,0.662,True,32.825,12.489,17.148,0.35
626,259,B,62.673,0.735,True,35.3,10.919,4.655,11.798
370,260,B,62.635,0.832,False,28.233,8.89,12.448,13.063
524,261,B,62.635,0.978,False,28.556,12.747,13.946,7.386
662,262,B,62.529,0.716,True,32.251,17.175,1.937,11.166
151,263,B,62.46,0.838,False,21.166,21.424,10.009,9.861
999,264,B,62.426,0.709,True,34.583,10.964,2.161,14.717
47,265,B,62.173,0.786,True,24.646,23.027,11.937,2.563
497,266,B,62.112,0.743,True,34.296,6.39,17.713,3.713
651,267,B,62.103,0.886,False,27.874,14.395,16.457,3.377
329,268,B,62.078,0.95,False,22.206,17.791,10.619,11.462
245,269,B,62.058,0.721,True,33.901,3.901,18.807,5.448
58,270,B,62.022,0.759,True,18.296,23.498,6.789,13.439
450,271,B,61.987,0.918,False,33.507,13.386,11.57,3.525
709,272,B,61.933,0.74,True,36.484,6.502,16.753,2.193
809,273,B,61.765,0.776,True,35.372,11.312,2.556,12.525
349,274,B,61.749,0.725,True,30.924,22.04,0.161,8.623
671,275,B,61.713,0.776,True,15.031,24.798,12.897,8.987
740,276,B,61.713,0.877,False,22.888,14.619,9.57,14.637
202,277,B,61.686,0.823,False,16.179,20.516,12.09,12.901
252,278,B,61.677,0.749,True,37.345,3.744,6.368,14.22
940,279,B,61.596,0.956,False,25.507,20.022,7.713,8.354
71,280,B,61.59,0.83,False,34.26,8.24,5.892,13.197
1115,281,B,61.489,0.771,True,17.973,23.655,4.942,14.919
273,282,B,61.455,0.854,False,23.928,22.971,5.489,9.067
550,283,B,61.446,0.817,False,15.318,22.522,10.583,13.022
494,284,B,61.392,0.818,False,28.197,12.567,19.552,1.076
741,285,B,61.381,0.999,False,27.982,16.906,12.135,4.359
206,286,B,61.363,0.867,False,24.753,23.632,7.031,5.946
655,287,B,61.231,0.841,False,30.529,16.2,2.045,12.457
139,288,B,61.211,0.907,False,18.978,13.744,14.78,13.709
85,289,B,61.161,0.836,False,25.722,14.484,19.731,1.224
344,290,B,61.058,0.765,True,32.466,22.937,3.839,1.816
377,291,B,61.049,0.815,False,29.453,23.341,4.744,3.511
34,292,B,61.004,0.877,False,30.493,8.61,18.296,3.605
564,293,B,60.928,0.808,False,11.91,21.726,15.48,11.812
18,294,B,60.834,0.922,False,19.731,22.668,11.749,6.686
491,295,B,60.785,0.908,False,21.13,18.475,7.283,13.897
132,296,B,60.738,0.882,False,17.83,23.733,8.386,10.789
678,297,B,60.731,0.984,False,26.009,19.91,9.094,5.717
921,298,B,60.722,0.855,False,35.587,4.081,15.713,5.341
444,299,B,60.677,0.843,False,38.816,4.372,12.35,5.139
94,300,B,60.668,0.965,False,24.43,18.677,6.126,11.435
300,301,B,60.635,0.965,False,24.108,18.061,14.969,3.498
1067,302,B,60.617,0.861,False,13.453,19.339,15.274,12.552
172,303,B,60.513,0.944,False,22.924,20.684,13.489,3.417
547,304,B,60.363,0.852,False,13.381,14.395,18.502,14.085
189,305,B,60.341,0.869,False,33.399,2.018,14.807,10.117
147,306,B,60.325,1.0,False,31.103,9.585,12.52,7.117
846,307,B,60.226,0.948,False,34.691,8.397,6.619,10.52
645,308,B,60.213,0.932,False,37.668,10.056,8.897,3.592
471,309,B,60.184,0.932,False,24.215,6.614,16.251,13.103
817,310,B,60.148,0.726,True,40.0,1.256,17.991,0.901
722,311,B,60.096,0.851,False,36.377,7.343,16.108,0.269
474,312,B,60.045,1.0,False,27.48,13.565,9.489,9.511
67,313,B,59.996,1.0,False,29.525,13.004,8.951,8.516
63,314,B,59.982,0.959,False,22.637,20.874,5.399,11.072
352,315,B,59.982,0.984,False,20.771,12.713,16.287,10.211
399,316,B,59.966,0.867,False,12.197,23.262,15.857,8.65
906,317,B,59.906,0.86,False,37.919,2.534,14.233,5.22
234,318,B,59.892,0.859,False,38.099,8.274,2.691,10.83
1057,319,B,59.803,1.0,False,18.691,17.466,14.592,9.054
757,320,B,59.724,0.909,False,17.076,23.599,6.726,12.323
832,321,B,59.717,0.991,False,19.623,14.888,12.52,12.686
167,322,B,59.702,0.924,False,34.942,16.738,2.386,5.637
374,323,B,59.664,0.972,False,23.247,13.767,17.821,4.83
926,324,B,59.54,0.957,False,25.614,13.262,6.188,14.475
920,325,B,59.538,0.911,False,13.561,24.753,12.413,8.812
624,326,B,59.507,1.0,False,23.426,12.489,13.919,9.673
814,327,B,59.487,0.941,False,32.43,7.948,5.803,13.305
66,328,B,59.386,0.936,False,16.466,11.928,18.547,12.444
140,329,B,59.361,0.981,False,27.193,13.531,16.108,2.529
967,330,B,59.336,0.964,False,32.933,3.946,15.247,7.211
376,331,B,59.3,0.994,False,32.323,16.121,5.031,5.825
319,332,B,59.289,0.987,False,29.345,7.253,15.937,6.753
593,333,B,59.238,0.924,False,35.731,6.67,14.368,2.469
890,334,B,59.233,0.915,False,13.094,22.063,10.099,13.978
271,335,B,59.226,0.924,False,29.561,20.179,0.735,8.751
534,336,B,59.215,0.942,False,27.444,13.924,3.534,14.314
802,337,B,59.193,0.98,False,21.74,15.179,8.081,14.193
535,338,B,59.17,1.0,False,30.744,9.821,12.996,5.61
886,339,B,59.117,1.0,False,18.798,18.408,11.525,10.386
392,340,B,59.018,1.0,False,25.794,15.493,8.448,9.283
138,341,B,58.973,0.997,False,26.332,18.924,4.099,9.619
337,342,B,58.964,0.84,False,7.749,20.336,16.592,14.287
90,343,B,58.935,0.992,False,32.072,10.191,13.444,3.229
135,344,B,58.919,0.987,False,15.103,18.408,14.081,11.327
1018,345,B,58.917,0.922,False,38.637,4.809,10.17,5.3
605,346,B,58.874,0.975,False,23.57,14.013,6.601,14.691
27,347,B,58.843,0.96,False,35.623,14.17,3.399,5.65
510,348,B,58.78,0.993,False,30.996,5.942,13.65,8.193
981,349,B,58.744,1.0,False,26.117,16.592,7.964,8.072
82,350,B,58.673,0.974,False,34.152,8.744,5.067,10.709
441,351,B,58.664,0.989,False,18.188,21.951,12.35,6.175
487,352,B,58.635,1.0,False,23.175,17.253,8.386,9.821
267,353,B,58.587,0.995,False,34.87,10.897,8.529,4.291
155,354,B,58.585,1.0,False,21.991,13.262,13.309,10.022
942,355,B,58.48,0.975,False,16.072,19.26,9.184,13.964
1078,356,B,58.46,0.897,False,21.381,21.536,1.471,14.072
1094,357,B,58.379,0.784,True,4.628,21.536,18.87,13.345
933,358,B,58.37,1.0,False,26.296,18.128,10.287,3.659
68,359,B,58.341,0.972,False,27.623,19.238,10.942,0.538
1026,360,B,58.341,0.962,False,35.659,14.798,4.413,3.471
1020,361,B,58.26,0.883,False,34.188,2.13,18.161,3.78
1040,362,B,58.217,0.991,False,33.112,6.558,9.453,9.094
451,363,B,58.13,0.922,False,11.013,16.256,18.054,12.807
785,364,B,58.126,0.907,False,19.48,24.26,2.09,12.296
718,365,B,58.083,0.975,False,29.776,4.877,16.637,6.794
247,366,B,58.056,0.934,False,32.789,7.657,3.928,13.682
280,367,B,57.85,0.978,False,17.614,10.258,16.942,13.036
241,368,B,57.805,1.0,False,19.946,15.83,14.879,7.15
1099,369,B,57.794,0.967,False,28.987,8.296,17.471,3.04
1083,370,B,57.758,0.86,False,8.287,24.215,10.43,14.825
1025,371,B,57.659,0.968,False,26.87,6.973,18.664,5.152
258,372,B,57.632,0.943,False,12.556,14.013,19.103,11.96
12,373,B,57.556,0.995,False,27.803,19.417,5.453,4.883
120,374,B,57.395,0.999,False,24.251,8.072,13.596,11.475
406,375,B,57.386,0.893,False,16.395,24.193,2.807,13.991
261,376,B,57.368,0.776,True,38.888,3.587,0.538,14.354
318,377,B,57.348,1.0,False,27.516,11.581,6.278,11.973
75,378,B,57.323,0.991,False,15.677,17.309,17.031,7.305
982,379,B,57.291,0.978,False,30.673,7.489,6.726,12.404
991,380,B,57.267,0.995,False,13.489,18.061,15.076,10.641
1058,381,B,57.238,1.0,False,25.65,13.632,8.081,9.874
508,382,B,57.211,0.986,False,21.238,21.973,4.502,9.498
382,383,B,57.197,0.957,False,30.135,9.955,3.749,13.359
1027,384,B,57.135,0.914,False,39.103,9.238,5.713,3.081
866,385,B,57.114,0.993,False,21.955,12.253,8.108,14.798
568,386,B,57.087,0.858,False,6.565,22.814,15.076,12.632
731,387,B,57.081,0.97,False,34.798,6.143,8.0,8.139
744,388,B,57.076,0.998,False,27.085,16.951,7.148,5.892
1041,389,B,57.047,0.988,False,16.43,14.989,18.565,7.063
221,390,B,56.874,0.984,False,14.135,22.13,10.359,10.251
469,391,B,56.677,0.9,False,38.709,5.516,9.749,2.704
348,392,B,56.655,0.896,False,33.578,9.484,0.61,12.982
15,393,B,56.61,1.0,False,20.628,14.91,11.937,9.135
19,394,B,56.578,1.0,False,19.049,18.296,9.399,9.834
968,395,B,56.54,0.989,False,24.933,10.191,17.3,4.117
89,396,B,56.513,0.974,False,15.247,14.563,18.888,7.816
667,397,B,56.493,0.92,False,33.471,3.161,8.493,11.368
720,398,B,56.475,1.0,False,24.789,10.65,12.063,8.973
207,399,B,56.278,0.9,False,38.242,6.3,6.502,5.233
771,400,B,56.244,0.996,False,21.022,9.294,17.587,8.341
336,401,B,56.184,0.829,False,39.354,2.758,12.969,1.103
878,402,B,56.184,0.904,False,33.256,1.637,10.099,11.193
359,403,B,56.17,0.929,False,21.848,4.013,18.7,11.61
872,404,B,56.126,0.9,False,32.717,0.516,12.924,9.969
162,405,B,56.101,0.923,False,29.166,6.558,5.632,14.744
542,406,B,55.98,0.984,False,17.363,9.854,16.197,12.565
907,407,B,55.978,0.93,False,17.65,22.466,13.776,2.085
204,408,B,55.962,0.922,False,11.336,15.37,19.166,10.09
62,409,B,55.899,1.0,False,19.372,13.845,16.413,6.269
129,410,B,55.892,0.86,False,34.655,2.354,15.857,3.027
41,411,B,55.892,0.891,False,10.152,21.57,9.668,14.502
623,412,B,55.854,0.988,False,24.682,19.966,6.081,5.126
347,413,B,55.854,0.844,False,5.919,20.482,15.892,13.561
213,414,B,55.852,0.918,False,30.78,6.345,5.112,13.614
1036,415,B,55.848,0.871,False,7.354,22.713,15.408,10.372
246,416,B,55.845,0.94,False,24.179,11.76,17.848,2.058
1102,417,B,55.843,0.949,False,23.211,5.09,18.744,8.798
604,418,B,55.816,0.874,False,29.991,0.852,10.43,14.543
69,419,B,55.726,0.875,False,35.444,3.139,13.901,3.242
321,420,B,55.677,0.984,False,15.139,21.211,9.937,9.39
1051,421,B,55.498,0.896,False,27.265,22.78,3.623,1.83
171,422,B,55.478,0.958,False,32.179,8.24,6.933,8.126
144,423,B,55.435,0.918,False,28.7,2.601,13.722,10.413
109,424,B,55.392,0.989,False,19.013,15.415,15.543,5.422
858,425,B,55.392,0.802,False,5.525,18.778,19.211,11.879
409,426,B,55.381,0.941,False,11.874,20.964,13.166,9.377
831,427,B,55.343,0.849,False,38.924,5.034,7.901,3.484
746,428,B,55.332,0.847,False,15.857,24.507,2.135,12.834
504,429,B,55.316,0.894,False,20.664,14.944,18.726,0.982
705,430,B,55.274,0.983,False,30.063,12.152,8.565,4.493
588,431,B,55.271,0.988,False,16.717,16.805,14.726,7.022
1019,432,B,55.17,0.824,False,34.332,1.233,6.529,13.076
281,433,B,55.155,0.977,False,14.314,15.706,14.628,10.507
1039,434,B,55.139,0.891,False,31.031,18.991,2.197,2.919
363,435,B,55.108,0.909,False,24.538,10.605,17.785,2.179
617,436,B,55.108,0.999,False,18.368,16.547,8.852,11.341
1060,437,B,55.052,0.983,False,26.26,9.652,13.865,5.274
240,438,B,55.0,0.812,False,5.991,21.031,17.874,10.103
821,439,B,54.951,0.974,False,22.493,13.789,14.834,3.834
948,440,B,54.897,0.873,False,22.601,23.812,8.43,0.054
400,441,B,54.859,0.871,False,33.363,15.886,4.224,1.386
676,442,B,54.843,0.815,False,28.484,24.395,1.857,0.108
492,443,B,54.798,0.87,False,29.632,20.852,3.587,0.726
856,444,B,54.713,0.911,False,24.61,12.668,15.578,1.857
350,445,B,54.682,0.941,False,23.318,7.691,9.345,14.327
168,446,B,54.61,0.987,False,27.408,9.327,8.188,9.686
1002,447,B,54.601,0.94,False,16.143,20.561,13.04,4.857
290,448,B,54.596,1.0,False,23.354,12.646,8.951,9.646
311,449,B,54.475,0.974,False,20.52,13.812,15.408,4.735
638,450,B,54.473,0.94,False,15.57,10.863,15.3,12.74
716,451,B,54.457,0.87,False,12.987,10.762,16.987,13.722
478,452,B,54.406,1.0,False,21.345,12.119,12.735,8.206
26,453,B,54.352,0.915,False,20.592,17.253,3.498,13.009
1015,454,B,54.334,0.981,False,15.892,13.464,11.605,13.372
952,455,B,54.256,0.781,True,19.839,2.309,18.601,13.507
928,456,B,54.253,0.852,False,30.278,8.688,3.031,12.256
285,457,B,54.197,0.835,False,8.466,17.063,17.435,11.233
470,458,B,54.135,0.766,True,39.139,5.291,8.036,1.668
843,459,B,54.117,0.807,False,35.552,2.982,10.673,4.91
683,460,B,54.074,0.799,True,34.439,1.312,8.341,9.982
439,461,B,54.009,0.976,False,25.901,13.722,10.135,4.251
145,462,B,54.0,0.813,False,31.677,18.565,3.193,0.565
650,463,B,53.962,0.867,False,18.511,8.105,19.408,7.937
498,464,B,53.783,0.794,True,23.103,7.657,19.928,3.094
615,465,B,53.771,0.779,True,36.09,3.901,11.049,2.731
1007,466,B,53.771,0.941,False,23.067,19.036,6.475,5.193
540,467,B,53.677,0.701,True,12.628,24.776,1.381,14.892
503,468,B,53.641,0.864,False,20.807,13.924,4.099,14.812
728,469,B,53.641,0.778,True,9.22,13.879,18.448,12.094
184,470,B,53.583,0.973,False,20.09,9.35,12.789,11.354
296,471,B,53.57,1.0,False,22.709,12.848,11.274,6.74
466,472,B,53.561,0.901,False,28.592,9.933,5.605,9.43
420,473,B,53.547,0.73,True,4.305,23.072,14.439,11.731
960,474,B,53.54,0.942,False,21.058,12.567,6.637,13.278
97,475,B,53.525,0.978,False,20.915,17.511,6.933,8.166
536,476,B,53.513,0.816,False,31.534,3.374,11.193,7.413
612,477,B,53.455,0.833,False,21.489,6.065,10.915,14.987
385,478,B,53.348,0.877,False,26.404,10.437,4.843,11.664
1070,479,B,53.321,0.928,False,23.677,16.85,9.094,3.7
677,480,B,53.265,0.736,True,29.883,0.381,9.399,13.601
627,481,B,53.244,0.858,False,15.426,21.424,8.215,8.179
830,482,B,53.121,0.897,False,16.789,16.368,7.426,12.538
317,483,B,53.081,0.762,True,10.619,17.197,18.35,6.915
561,484,B,53.04,0.951,False,22.242,8.318,13.238,9.242
901,485,B,53.004,0.836,False,25.327,4.776,11.049,11.852
862,486,B,52.892,0.737,True,32.753,4.574,13.291,2.274
459,487,B,52.89,0.757,True,34.547,11.469,3.148,3.726
884,488,B,52.881,0.751,True,11.982,23.262,7.587,10.049
1050,489,B,52.848,0.734,True,26.726,3.318,7.964,14.839
326,490,B,52.803,0.731,True,7.462,20.942,11.444,12.955
413,491,B,52.717,0.754,True,23.892,8.161,17.489,3.175
580,492,B,52.652,0.674,True,36.843,3.083,12.35,0.377
514,493,B,52.646,0.788,True,13.417,21.928,9.605,7.695
670,494,B,52.626,0.906,False,20.018,10.056,15.193,7.359
1112,495,B,52.601,0.639,True,36.987,0.897,1.399,13.318
159,496,B,52.57,0.745,True,29.022,5.067,7.031,11.448
823,497,B,52.563,0.813,False,13.955,19.966,9.238,9.404
876,498,B,52.527,0.711,True,34.726,10.863,0.628,6.309
669,499,B,52.471,0.646,True,3.91,19.081,17.372,12.108
978,500,B,52.428,0.814,False,25.112,15.617,9.964,1.735
602,501,B,52.417,0.921,False,17.901,11.256,13.695,9.565
449,502,B,52.413,0.649,True,38.35,2.22,10.323,1.52
369,503,B,52.386,0.665,True,21.883,1.592,16.036,12.874
803,504,B,52.379,0.687,True,15.964,20.684,2.332,13.399
1052,505,B,52.345,0.817,False,25.686,6.188,12.574,7.897
92,506,B,52.296,0.673,True,15.462,23.453,2.161,11.22
1079,507,B,52.287,0.641,True,33.04,1.659,3.839,13.749
180,508,B,52.188,0.722,True,25.22,6.143,15.713,5.112
10,509,B,52.179,0.692,True,12.341,13.924,18.637,7.278
631,510,B,52.152,0.689,True,10.762,22.018,14.502,4.87
1113,511,B,52.137,0.86,False,20.305,10.549,14.502,6.78
360,512,B,52.121,0.898,False,22.422,10.022,13.112,6.565
173,513,B,52.036,0.665,True,31.211,2.713,14.117,3.996
834,514,B,52.027,0.791,True,14.457,17.691,13.274,6.605
371,515,B,52.02,0.724,True,22.099,11.132,4.987,13.803
996,516,B,51.942,0.656,True,19.444,23.991,1.336,7.17
164,517,B,51.881,0.722,True,17.004,19.809,6.565,8.502
1014,518,B,51.848,0.627,True,38.852,0.987,5.848,6.161
340,519,B,51.798,0.8,False,19.265,18.408,7.83,6.296
572,520,B,51.762,0.704,True,22.063,6.726,9.857,13.117
226,521,B,51.76,0.666,True,25.578,2.791,13.623,9.767
1053,522,B,51.735,0.664,True,33.973,5.269,6.762,5.731
806,523,B,51.711,0.657,True,21.417,12.747,3.516,14.031
961,524,B,51.617,0.705,True,19.516,9.137,15.444,7.52
666,525,B,51.572,0.71,True,23.39,14.271,3.283,10.628
625,526,B,51.339,0.826,False,17.937,15.123,8.807,9.471
284,527,B,51.274,0.578,True,10.834,21.345,6.045,13.049
652,528,B,51.2,0.631,True,20.484,19.608,2.807,8.3
544,529,B,51.175,0.585,True,39.39,2.085,7.48,2.22
576,530,B,51.17,0.593,True,22.96,23.834,3.058,1.318
338,531,B,51.15,0.588,True,25.148,3.643,10.17,12.188
934,532,B,51.137,0.711,True,21.202,8.845,12.197,8.892
980,533,B,51.13,0.572,True,23.462,4.26,9.632,13.776
427,534,B,51.114,0.627,True,28.161,10.729,3.399,8.825
810,535,B,51.09,0.573,True,14.96,7.511,15.408,13.211
904,536,B,51.078,0.592,True,15.605,9.451,13.525,12.498
45,537,B,51.058,0.56,True,10.332,16.502,10.287,13.937
598,538,B,51.043,0.582,True,14.565,14.697,18.161,3.619
98,539,B,51.022,0.56,True,8.0,23.161,8.036,11.825
1045,540,B,50.991,0.63,True,27.552,13.117,6.126,4.197
197,541,B,50.98,0.639,True,21.776,18.061,7.39,3.753
278,542,B,50.951,0.587,True,24.574,6.099,14.17,6.108
485,543,B,50.913,0.53,True,6.457,16.648,15.578,12.229
979,544,B,50.839,0.563,True,17.543,20.112,4.52,8.664
428,545,B,50.758,0.515,True,17.865,2.063,17.901,12.928
407,546,B,50.735,0.517,True,1.758,21.256,14.269,13.453
482,547,B,50.717,0.553,True,31.605,5.695,7.229,6.188
713,548,B,50.713,0.546,True,37.596,0.874,8.341,3.901
1038,549,B,50.655,0.516,True,14.601,9.686,14.233,12.135
725,550,B,50.608,0.526,True,13.345,13.464,15.821,7.978
896,551,B,50.592,0.581,True,22.529,11.659,16.0,0.404
759,552,B,50.572,0.574,True,23.283,16.289,4.798,6.202
537,553,B,50.507,0.543,True,12.413,19.686,11.641,6.767
591,554,B,50.399,0.462,True,12.843,7.87,17.686,12.0
947,555,B,50.343,0.531,True,31.928,4.316,12.484,1.614
973,556,B,50.318,0.504,True,18.762,24.686,2.996,3.874
1054,557,B,50.233,0.477,True,15.821,16.525,9.453,8.435
565,558,C,50.161,0.521,True,20.448,16.883,8.188,4.641
291,559,C,50.143,0.497,True,30.314,6.525,5.543,7.762
227,560,C,50.101,0.524,True,15.785,21.132,2.529,10.655
182,561,C,50.09,0.554,True,9.794,19.507,6.96,13.83
111,562,C,50.049,0.589,True,21.274,7.018,9.892,11.865
1085,563,C,50.036,0.526,True,27.695,1.749,11.686,8.906
1006,564,C,49.924,0.519,True,18.439,21.076,8.807,1.601
512,565,C,49.868,0.519,True,11.659,23.688,14.439,0.081
457,566,C,49.749,0.567,True,6.278,23.004,8.897,11.57
502,567,C,49.749,0.507,True,37.776,2.96,7.83,1.184
648,568,C,49.664,0.609,True,19.874,4.978,14.036,10.776
275,569,C,49.659,0.577,True,26.906,1.211,12.664,8.879
237,570,C,49.641,0.542,True,4.233,22.758,19.677,2.973
308,571,C,49.619,0.53,True,35.157,2.915,2.601,8.946
489,572,C,49.61,0.556,True,26.081,10.695,1.13,11.704
551,573,C,49.601,0.551,True,19.659,12.063,17.247,0.632
923,574,C,49.549,0.585,True,9.973,15.415,19.695,4.466
730,575,C,49.538,0.573,True,30.637,6.951,7.928,4.022
194,576,C,49.534,0.586,True,6.135,15.247,15.937,12.215
1103,577,C,49.457,0.583,True,7.57,24.596,3.193,14.099
643,578,C,49.417,0.57,True,30.206,6.816,9.65,2.744
526,579,C,49.399,0.553,True,37.381,6.368,4.224,1.426
351,580,C,49.395,0.735,True,15.928,12.197,8.852,12.417
1012,581,C,49.363,0.603,True,16.0,2.377,18.502,12.484
891,582,C,49.354,0.553,True,30.099,1.413,16.484,1.359
736,583,C,49.312,0.626,True,9.184,21.648,8.753,9.726
203,584,C,49.26,0.625,True,21.309,18.834,6.789,2.327
477,585,C,49.26,0.678,True,17.04,4.843,12.7,14.677
440,586,C,49.251,0.596,True,8.574,20.404,14.744,5.529
603,587,C,49.193,0.573,True,22.386,23.318,1.955,1.534
609,588,C,49.135,0.599,True,4.951,18.251,19.274,6.659
629,589,C,49.117,0.614,True,28.269,0.067,9.022,11.758
297,590,C,49.108,0.854,False,23.031,9.709,8.269,8.099
1068,591,C,49.013,0.622,True,3.695,19.126,11.327,14.865
255,592,C,48.996,0.89,False,17.686,10.516,12.305,8.489
887,593,C,48.969,0.704,True,22.135,10.673,3.247,12.915
1004,594,C,48.874,0.631,True,8.646,24.17,4.072,11.987
99,595,C,48.839,0.655,True,8.143,23.386,6.009,11.3
556,596,C,48.825,0.724,True,24.897,6.48,12.161,5.287
1017,597,C,48.769,0.653,True,25.256,14.271,8.152,1.09
779,598,C,48.731,0.694,True,24.502,12.803,2.009,9.417
714,599,C,48.668,0.638,True,4.413,24.731,4.861,14.664
57,600,C,48.646,0.569,True,37.309,0.202,0.52,10.614
825,601,C,48.552,0.627,True,4.52,24.91,14.17,4.951
654,602,C,48.493,0.804,False,19.157,16.951,4.879,7.507
584,603,C,48.448,0.679,True,5.453,21.39,10.493,11.112
750,604,C,48.43,0.714,True,7.426,16.57,10.888,13.547
894,605,C,48.413,0.64,True,32.359,10.404,1.614,4.036
373,606,C,48.388,0.687,True,4.09,16.065,13.381,14.852
549,607,C,48.374,0.652,True,4.987,20.437,18.054,4.897
936,608,C,48.325,0.718,True,23.857,5.818,15.543,3.108
822,609,C,48.314,0.675,True,28.879,3.677,2.493,13.265
249,610,C,48.242,0.777,True,9.722,18.341,11.57,8.61
910,611,C,48.231,0.795,True,12.879,19.339,7.094,8.919
860,612,C,48.197,0.701,True,13.812,23.857,7.516,3.013
437,613,C,48.128,0.765,True,26.511,9.518,2.843,9.256
874,614,C,48.112,0.679,True,4.735,20.785,16.565,6.027
1069,615,C,48.099,0.734,True,18.009,21.009,5.892,3.188
263,616,C,48.063,0.67,True,1.256,24.933,11.865,10.009
798,617,C,48.018,0.789,True,27.121,11.85,4.655,4.392
124,618,C,47.91,0.674,True,3.587,20.897,18.664,4.762
52,619,C,47.845,0.727,True,26.834,0.774,5.291,14.946
745,620,C,47.776,0.779,True,27.3,7.444,2.673,10.359
1055,621,C,47.769,0.773,True,29.812,4.608,10.054,3.296
867,622,C,47.659,0.722,True,3.229,21.054,13.058,10.318
634,623,C,47.52,0.862,False,20.951,14.596,2.233,9.74
1005,624,C,47.446,0.76,True,16.969,11.424,18.448,0.605
531,625,C,47.433,0.733,True,6.744,18.531,18.242,3.915
763,626,C,47.372,0.938,False,16.61,7.623,13.076,10.063
892,627,C,47.372,0.843,False,27.839,6.861,4.439,8.233
417,628,C,47.35,0.794,True,28.054,1.525,10.17,7.601
566,629,C,47.247,0.762,True,6.816,24.484,9.892,6.054
453,630,C,47.217,0.778,True,29.238,12.567,0.448,4.964
277,631,C,47.168,0.883,False,18.87,4.473,10.735,13.09
175,632,C,47.155,0.902,False,13.848,13.531,15.175,4.601
548,633,C,47.076,0.729,True,7.892,24.058,1.336,13.789
301,634,C,47.043,0.905,False,12.018,12.433,15.65,6.942
38,635,C,46.96,0.883,False,15.498,16.457,3.354,11.65
179,636,C,46.83,0.892,False,25.937,13.341,5.345,2.206
711,637,C,46.812,0.844,False,22.278,2.152,7.785,14.596
870,638,C,46.771,0.869,False,22.35,5.538,15.614,3.269
813,639,C,46.771,0.859,False,13.991,8.744,18.117,5.919
819,640,C,46.691,0.831,False,16.287,1.771,16.861,11.771
215,641,C,46.646,0.897,False,18.045,10.605,4.045,13.951
112,642,C,46.632,0.802,False,17.148,6.211,19.91,3.363
554,643,C,46.623,0.755,True,3.803,24.35,14.368,4.103
163,644,C,46.61,0.859,False,25.973,2.287,13.695,4.655
987,645,C,46.587,0.92,False,21.812,7.422,14.368,2.987
925,646,C,46.574,0.913,False,20.843,14.731,10.852,0.148
1071,647,C,46.572,0.929,False,15.749,10.729,15.749,4.345
408,648,C,46.552,0.845,False,5.345,19.933,11.91,9.363
31,649,C,46.545,0.991,False,14.35,10.549,12.619,9.027
579,650,C,46.525,0.815,False,31.426,1.054,7.668,6.377
1022,651,C,46.511,0.964,False,26.224,9.058,5.417,5.812
518,652,C,46.489,0.948,False,14.386,12.87,6.843,12.39
935,653,C,46.446,0.982,False,12.664,16.401,10.009,7.372
706,654,C,46.444,0.866,False,13.238,4.753,17.274,11.179
840,655,C,46.444,0.79,True,26.152,2.668,16.735,0.888
941,656,C,46.354,0.876,False,7.677,19.641,12.7,6.336
357,657,C,46.35,0.821,False,29.381,13.632,1.049,2.287
855,658,C,46.334,0.995,False,13.525,15.706,9.812,7.291
119,659,C,46.229,0.97,False,15.534,9.798,14.762,6.135
305,660,C,46.188,0.799,True,10.296,24.462,1.166,10.265
386,661,C,46.152,0.766,True,30.422,0.314,1.83,13.587
845,662,C,46.108,0.824,False,6.099,7.466,17.973,14.57
836,663,C,46.103,0.981,False,14.709,17.085,9.857,4.453
447,664,C,46.101,0.856,False,9.865,11.715,19.354,5.166
672,665,C,46.004,0.801,False,33.65,3.722,8.269,0.363
8,666,C,45.919,0.837,False,12.054,24.865,4.251,4.749
893,667,C,45.913,0.916,False,18.547,8.016,16.861,2.489
499,668,C,45.877,0.811,False,8.538,24.563,11.821,0.955
387,669,C,45.733,0.794,True,35.229,6.065,1.722,2.717
83,670,C,45.487,0.855,False,1.794,16.2,15.803,11.691
309,671,C,45.415,0.944,False,22.816,5.572,4.368,12.659
606,672,C,45.399,0.983,False,14.17,8.969,14.915,7.345
789,673,C,45.368,0.735,True,0.61,24.013,19.48,1.265
70,674,C,45.341,1.0,False,20.161,6.928,10.099,8.152
848,675,C,45.325,0.934,False,20.413,18.643,0.646,5.623
1096,676,C,45.314,0.902,False,11.121,23.117,5.83,5.247
695,677,C,45.26,0.873,False,10.726,22.646,1.704,10.184
939,678,C,45.233,0.997,False,15.354,7.713,12.251,9.915
965,679,C,45.215,0.852,False,32.538,1.861,3.552,7.265
201,680,C,45.17,0.943,False,9.256,8.946,14.269,12.7
552,681,C,45.139,0.869,False,28.771,4.215,0.556,11.596
971,682,C,45.096,0.889,False,31.39,7.814,1.184,4.709
805,683,C,45.063,0.994,False,16.251,14.17,4.161,10.48
653,684,C,45.052,0.967,False,14.78,6.244,11.3,12.726
541,685,C,45.004,0.966,False,20.987,17.534,3.713,2.771
495,686,C,44.96,0.891,False,8.43,18.924,3.453,14.152
898,687,C,44.89,0.987,False,20.197,15.886,1.812,6.996
231,688,C,44.854,0.897,False,5.632,20.213,5.865,13.143
313,689,C,44.852,0.989,False,24.072,5.964,5.776,9.04
818,690,C,44.767,0.973,False,16.359,18.184,2.314,7.91
964,691,C,44.704,0.796,True,36.197,1.368,6.17,0.969
815,692,C,44.673,0.838,False,31.964,0.045,2.951,9.713
113,693,C,44.444,0.946,False,25.004,0.135,9.605,9.7
410,694,C,44.426,0.969,False,18.834,19.103,3.085,3.404
239,695,C,44.39,0.934,False,7.857,20.807,5.031,10.695
1001,696,C,44.381,0.921,False,10.942,23.408,4.556,5.475
989,697,C,44.381,0.972,False,9.148,12.803,15.973,6.457
1106,698,C,44.379,0.954,False,6.709,18.778,13.336,5.556
777,699,C,44.359,0.863,False,2.081,24.327,6.045,11.906
506,700,C,44.354,0.965,False,27.731,1.906,8.637,6.081
187,701,C,44.332,0.996,False,17.758,9.081,13.848,3.646
916,702,C,44.325,0.951,False,10.655,15.078,16.359,2.233
912,703,C,44.323,0.988,False,13.632,15.202,13.363,2.126
804,704,C,44.305,0.94,False,6.888,8.744,17.13,11.543
712,705,C,44.291,0.959,False,18.655,0.919,13.202,11.516
782,706,C,44.249,0.997,False,11.372,10.437,11.865,10.574
913,707,C,44.242,0.866,False,33.865,4.664,3.453,2.26
289,708,C,44.224,0.965,False,18.117,1.39,12.771,11.946
1084,709,C,44.173,0.932,False,17.722,5.168,18.7,2.583
461,710,C,44.061,0.975,False,6.242,17.141,11.327,9.35
306,711,C,44.034,0.926,False,3.3,15.325,18.278,7.13
223,712,C,44.031,0.991,False,25.363,4.148,6.045,8.475
962,713,C,43.964,0.919,False,20.735,20.83,0.771,1.628
481,714,C,43.942,0.906,False,8.502,22.691,1.892,10.857
990,715,C,43.942,0.994,False,18.619,6.009,7.785,11.529
443,716,C,43.933,0.979,False,9.291,18.004,5.955,10.682
353,717,C,43.924,0.899,False,12.7,23.789,7.408,0.027
37,718,C,43.87,1.0,False,24.359,4.529,8.565,6.417
754,719,C,43.859,0.926,False,30.709,7.119,1.417,4.614
256,720,C,43.839,0.797,True,36.341,0.605,4.0,2.892
794,721,C,43.812,0.751,True,0.251,23.565,19.794,0.202
917,722,C,43.753,1.0,False,20.879,5.605,11.121,6.148
269,723,C,43.74,0.843,False,35.085,3.43,3.112,2.112
217,724,C,43.702,0.881,False,5.202,18.711,18.323,1.466
929,725,C,43.695,0.989,False,14.027,9.372,16.314,3.982
519,726,C,43.682,0.961,False,9.83,21.48,4.798,7.574
248,727,C,43.677,0.928,False,31.749,4.978,4.987,1.964
984,728,C,43.439,0.963,False,16.215,21.256,1.919,4.049
644,729,C,43.43,0.822,False,35.121,1.547,0.413,6.35
244,730,C,43.377,0.932,False,9.543,23.229,2.278,8.327
341,731,C,43.363,0.979,False,11.731,16.435,13.623,1.574
429,732,C,43.251,0.981,False,10.009,6.906,12.816,13.52
123,733,C,43.157,0.903,False,32.036,4.081,1.525,5.516
774,734,C,43.126,0.958,False,11.444,10.359,18.942,2.381
53,735,C,43.099,0.998,False,9.471,17.982,8.717,6.928
260,736,C,43.094,0.884,False,19.695,2.265,19.883,1.251
463,737,C,43.076,0.992,False,16.323,14.081,12.35,0.323
73,738,C,42.877,0.975,False,4.664,19.563,11.803,6.848
143,739,C,42.767,0.999,False,18.081,9.91,3.785,10.991
186,740,C,42.715,0.915,False,1.471,23.195,9.184,8.865
1024,741,C,42.691,1.0,False,16.646,10.359,12.996,2.691
1016,742,C,42.675,0.944,False,10.798,20.056,0.951,10.87
188,743,C,42.646,0.932,False,7.39,20.583,2.78,11.892
79,744,C,42.617,1.0,False,11.229,15.325,7.668,8.395
325,745,C,42.608,0.996,False,19.229,3.195,12.233,7.951
976,746,C,42.596,1.0,False,22.852,4.35,7.283,8.112
130,747,C,42.59,0.954,False,8.072,9.294,19.372,5.852
596,748,C,42.583,0.85,False,3.874,22.915,15.336,0.457
334,749,C,42.558,1.0,False,10.978,9.137,14.439,8.004
719,750,C,42.547,0.895,False,10.691,1.076,18.135,12.646
784,751,C,42.543,0.923,False,29.058,0.179,5.973,7.332
3,752,C,42.516,1.0,False,22.565,8.52,4.61,6.821
1104,753,C,42.444,0.951,False,11.193,3.453,13.982,13.816
43,754,C,42.417,0.951,False,21.561,1.031,8.269,11.556
393,755,C,42.41,1.0,False,14.673,8.016,10.601,9.121
1043,756,C,42.408,0.854,False,33.543,1.816,5.65,1.399
647,757,C,42.404,1.0,False,13.74,13.7,9.919,5.045
621,758,C,42.399,0.998,False,14.816,14.798,11.238,1.547
885,759,C,42.386,0.927,False,11.157,24.821,4.538,1.87
792,760,C,42.383,0.925,False,26.691,2.635,2.511,10.547
628,761,C,42.339,1.0,False,17.184,8.397,12.816,3.942
438,762,C,42.3,0.922,False,8.395,23.543,1.767,8.596
850,763,C,42.287,0.999,False,16.933,15.022,2.717,7.614
767,764,C,42.148,1.0,False,15.641,8.049,10.009,8.448
689,765,C,42.121,0.964,False,23.785,1.009,8.637,8.691
419,766,C,42.117,0.956,False,9.901,16.951,14.969,0.296
601,767,C,42.101,0.982,False,6.493,8.89,13.238,13.48
1003,768,C,42.099,0.961,False,26.655,5.471,2.197,7.776
590,769,C,41.83,0.952,False,7.318,6.771,13.883,13.857
930,770,C,41.702,0.947,False,24.717,4.473,12.269,0.242
710,771,C,41.702,0.954,False,4.341,17.747,6.323,13.291
1011,772,C,41.605,0.908,False,29.668,0.359,7.031,4.547
1009,773,C,41.603,0.956,False,5.668,8.845,17.094,9.996
797,774,C,41.529,0.875,False,2.726,24.641,4.825,9.336
780,775,C,41.48,1.0,False,19.587,12.982,4.484,4.426
141,776,C,41.475,1.0,False,12.09,14.529,8.601,6.256
801,777,C,41.361,0.989,False,6.35,19.204,6.323,9.484
402,778,C,41.278,1.0,False,14.278,13.117,6.215,7.668
238,779,C,41.265,0.92,False,28.341,3.408,8.601,0.915
293,780,C,41.101,1.0,False,17.471,12.433,8.897,2.3
365,781,C,41.047,1.0,False,11.049,13.173,9.964,6.861
156,782,C,40.996,0.963,False,22.673,8.61,1.291,8.422
735,783,C,40.946,0.956,False,11.803,18.991,0.843,9.309
209,784,C,40.93,1.0,False,12.448,9.025,11.399,8.058
366,785,C,40.868,1.0,False,16.897,7.769,6.448,9.753
216,786,C,40.861,0.939,False,25.291,2.489,9.274,3.807
1088,787,C,40.848,0.997,False,7.964,16.345,6.395,10.143
594,788,C,40.83,0.903,False,2.475,14.17,17.821,6.363
50,789,C,40.803,0.891,False,2.906,19.865,5.211,12.821
299,790,C,40.706,0.969,False,17.291,16.289,0.682,6.444
304,791,C,40.664,0.901,False,24.0,2.466,13.552,0.646
851,792,C,40.592,0.842,False,11.085,0.561,16.61,12.336
1090,793,C,40.565,1.0,False,18.906,12.197,5.318,4.143
292,794,C,40.565,0.951,False,13.704,20.919,1.973,3.969
433,795,C,40.413,0.994,False,10.475,9.193,15.336,5.408
660,796,C,40.408,0.935,False,4.879,22.892,5.749,6.888
983,797,C,40.361,0.722,True,37.058,0.774,0.753,1.776
994,798,C,40.35,0.821,False,4.269,24.888,1.561,9.632
950,799,C,40.343,1.0,False,13.202,7.119,10.565,9.457
509,800,C,40.323,0.929,False,16.574,3.834,7.202,12.713
877,801,C,40.303,0.974,False,18.224,8.352,12.395,1.332
1062,802,C,40.265,0.966,False,18.583,6.839,4.0,10.843
295,803,C,40.224,0.971,False,9.686,19.888,7.785,2.865
882,804,C,40.159,0.985,False,20.233,12.948,4.179,2.798
1056,805,C,40.152,0.824,False,1.686,24.417,3.892,10.157
22,806,C,40.065,0.953,False,4.018,16.648,13.399,6.0
927,807,C,40.018,0.966,False,19.767,14.35,3.91,1.991
11,808,C,39.969,0.825,False,30.457,3.61,4.771,1.13
699,809,C,39.91,0.79,True,31.57,0.807,2.556,4.978
812,810,C,39.89,0.998,False,18.404,6.446,10.978,4.063
636,811,C,39.818,0.907,False,14.924,20.0,0.502,4.392
1063,812,C,39.807,0.855,False,3.013,23.767,9.57,3.457
59,813,C,39.794,1.0,False,11.516,8.61,11.354,8.314
693,814,C,39.769,0.802,False,20.126,4.877,0.305,14.462
95,815,C,39.753,0.834,False,28.126,0.717,4.682,6.229
879,816,C,39.646,0.89,False,1.435,18.274,8.987,10.951
685,817,C,39.623,0.879,False,20.377,7.735,0.574,10.937
367,818,C,39.596,0.984,False,9.399,17.444,4.709,8.045
511,819,C,39.547,0.808,False,12.735,6.031,19.839,0.942
93,820,C,39.466,0.999,False,15.211,6.278,9.274,8.704
521,821,C,39.383,0.895,False,8.753,6.67,10.735,13.224
288,822,C,39.323,0.878,False,12.52,6.592,5.803,14.408
264,823,C,39.26,0.85,False,25.435,11.368,0.359,2.099
160,824,C,39.215,0.986,False,13.13,6.143,10.404,9.538
582,825,C,39.179,0.917,False,23.498,5.493,6.422,3.767
149,826,C,39.159,0.855,False,12.269,3.24,11.57,12.081
65,827,C,38.944,0.929,False,8.036,14.697,4.574,11.637
472,828,C,38.939,0.843,False,8.969,9.854,18.206,1.91
702,829,C,38.63,0.804,False,3.336,13.217,8.341,13.735
14,830,C,38.565,0.875,False,11.552,5.874,15.677,5.462
622,831,C,38.561,0.857,False,3.193,12.197,14.063,9.108
854,832,C,38.507,0.862,False,19.91,2.848,7.731,8.018
312,833,C,38.439,0.994,False,12.305,10.112,6.215,9.807
133,834,C,38.439,0.961,False,19.085,10.359,3.964,5.031
665,835,C,38.341,0.716,True,31.175,3.767,2.888,0.511
516,836,C,38.26,0.852,False,14.493,18.812,2.439,2.516
397,837,C,38.253,0.816,False,12.377,21.177,2.951,1.749
103,838,C,38.244,0.714,True,5.094,21.682,0.054,11.415
748,839,C,38.24,0.821,False,13.166,4.922,7.561,12.592
1034,840,C,38.132,0.902,False,19.336,9.451,3.48,5.865
883,841,C,38.103,0.78,True,5.596,8.139,16.807,7.561
998,842,C,38.067,0.733,True,3.157,12.803,18.529,3.578
315,843,C,37.872,0.747,True,2.87,11.626,15.91,7.466
87,844,C,37.834,0.712,True,14.422,2.87,17.327,3.215
657,845,C,37.814,0.83,False,16.036,16.648,2.063,3.067
966,846,C,37.8,0.731,True,6.027,10.191,18.583,3.0
944,847,C,37.709,0.686,True,29.848,2.511,4.906,0.444
708,848,C,37.704,0.656,True,4.7,24.955,0.018,8.031
88,849,C,37.549,0.869,False,15.713,9.585,3.695,8.556
475,850,C,37.498,0.778,True,19.121,5.785,12.0,0.592
613,851,C,37.374,0.75,True,21.094,5.235,10.386,0.659
664,852,C,37.345,0.784,True,7.103,19.664,6.448,4.13
153,853,C,37.287,0.639,True,23.964,0.74,1.094,11.489
793,854,C,37.217,0.663,True,6.17,19.809,0.933,10.305
254,855,C,37.179,0.641,True,0.215,16.996,7.605,12.363
646,856,C,37.17,0.657,True,7.641,9.753,18.619,1.157
395,857,C,37.141,0.638,True,2.045,14.854,17.928,2.314
454,858,C,37.092,0.986,False,13.919,11.536,7.561,4.076
847,859,C,37.085,0.663,True,24.287,2.04,9.749,1.009
302,860,C,37.054,0.636,True,1.399,18.991,4.395,12.269
379,861,C,37.036,0.681,True,1.901,17.578,13.022,4.534
422,862,C,36.973,0.625,True,4.448,7.04,16.942,8.543
1076,863,C,36.969,0.629,True,1.112,24.529,10.709,0.619
169,864,C,36.901,0.615,True,25.184,0.112,1.435,10.17
96,865,C,36.897,0.672,True,8.717,19.148,1.309,7.722
361,866,C,36.814,0.716,True,17.578,5.415,5.238,8.583
835,867,C,36.803,0.668,True,8.825,21.839,3.3,2.839
953,868,C,36.758,0.935,False,10.045,11.278,6.906,8.529
597,869,C,36.738,0.684,True,7.928,12.365,15.516,0.928
520,870,C,36.72,0.632,True,1.65,14.641,13.184,7.244
727,871,C,36.695,0.649,True,4.054,10.291,13.336,9.013
918,872,C,36.643,0.844,False,8.789,9.989,10.547,7.318
398,873,C,36.552,0.824,False,11.48,14.395,4.744,5.933
378,874,C,36.522,0.669,True,18.152,15.549,2.296,0.525
232,875,C,36.395,0.553,True,0.574,22.848,1.578,11.395
778,876,C,36.289,0.735,True,14.637,9.652,10.359,1.641
134,877,C,36.238,0.522,True,5.309,3.498,19.641,7.789
614,878,C,36.233,0.601,True,20.054,3.812,11.372,0.996
23,879,C,36.195,0.586,True,11.839,7.948,4.368,12.04
74,880,C,36.139,0.672,True,17.435,8.206,9.004,1.493
274,881,C,36.085,0.567,True,2.26,23.946,9.812,0.067
1044,882,C,36.056,0.597,True,20.269,4.406,9.686,1.695
1074,883,C,36.047,0.619,True,8.251,16.02,4.942,6.834
772,884,C,36.043,0.557,True,0.969,21.648,11.865,1.561
690,885,C,36.034,0.709,True,12.484,13.061,9.453,1.036
762,886,C,36.016,0.536,True,1.83,24.563,0.664,8.96
225,887,C,35.904,0.661,True,8.897,11.39,8.466,7.15
257,888,C,35.749,0.505,True,10.188,3.789,16.969,4.803
1108,889,C,35.706,0.584,True,13.309,12.904,1.274,8.22
1110,890,C,35.686,0.531,True,4.126,23.094,3.785,4.682
1105,891,C,35.655,0.506,True,4.556,24.439,0.7,5.96
955,892,C,35.587,0.496,True,5.238,18.206,2.35,9.794
919,893,D,35.574,0.48,True,11.946,7.556,12.063,4.009
505,894,D,35.507,0.474,True,5.776,15.516,10.825,3.39
442,895,D,35.489,0.507,True,3.408,20.762,3.731,7.587
196,896,D,35.484,0.472,True,9.04,10.785,13.776,1.883
1086,897,D,35.404,0.482,True,28.413,0.224,0.269,6.498
17,898,D,35.39,0.447,True,18.26,11.816,1.991,3.323
674,899,D,35.368,0.483,True,31.067,0.269,0.466,3.565
992,900,D,35.242,0.536,True,12.915,2.242,16.224,3.861
680,901,D,35.184,0.501,True,9.004,11.054,14.547,0.578
205,902,D,35.166,0.527,True,19.552,4.552,9.274,1.789
715,903,D,35.15,0.52,True,19.3,4.922,3.058,7.87
1077,904,D,35.117,0.56,True,3.839,14.013,11.049,6.215
1029,905,D,35.034,0.531,True,10.87,8.464,14.502,1.197
717,906,D,34.987,0.544,True,12.161,12.623,1.363,8.839
692,907,D,34.978,0.561,True,19.982,6.323,4.341,4.332
897,908,D,34.863,0.561,True,0.717,23.733,1.238,9.175
303,909,D,34.751,0.548,True,16.825,10.258,1.022,6.646
686,910,D,34.691,0.597,True,17.399,9.552,3.327,4.413
905,911,D,34.623,0.531,True,32.682,0.157,1.112,0.673
1037,912,D,34.578,0.581,True,22.17,0.942,8.413,3.054
476,913,D,34.543,0.774,True,14.242,7.982,6.251,6.067
243,914,D,34.54,0.576,True,24.036,4.316,4.466,1.722
122,915,D,34.43,0.615,True,18.942,9.238,2.457,3.794
945,916,D,34.39,0.638,True,3.372,11.166,15.614,4.238
1047,917,D,34.388,0.763,True,6.637,13.173,7.623,6.955
272,918,D,34.359,0.626,True,17.327,5.135,3.112,8.785
21,919,D,34.305,0.653,True,11.3,11.502,1.049,10.453
265,920,D,34.249,0.747,True,7.247,13.061,5.265,8.677
13,921,D,34.121,0.664,True,7.713,10.605,1.543,14.26
142,922,D,34.07,0.643,True,4.807,6.67,18.96,3.632
1065,923,D,34.036,0.674,True,2.619,8.924,17.166,5.327
828,924,D,33.978,0.931,False,8.933,10.09,9.184,5.771
824,925,D,33.973,0.654,True,21.668,6.749,2.422,3.135
656,926,D,33.957,0.653,True,0.43,11.536,16.906,5.085
773,927,D,33.935,0.646,True,12.951,3.643,16.036,1.305
1008,928,D,33.908,0.763,True,10.081,15.37,6.655,1.803
630,929,D,33.888,0.658,True,22.457,1.996,3.946,5.489
592,930,D,33.881,0.681,True,3.731,12.365,15.121,2.664
126,931,D,33.735,0.639,True,19.408,0.964,0.395,12.969
114,932,D,33.679,0.848,False,10.26,6.67,11.166,5.583
658,933,D,33.57,0.718,True,16.108,2.108,6.126,9.229
418,934,D,33.489,0.906,False,9.614,10.942,5.13,7.803
222,935,D,33.415,0.86,False,7.283,8.688,11.659,5.785
330,936,D,33.408,0.797,True,2.511,14.798,9.049,7.049
517,937,D,33.404,0.768,True,15.175,11.099,0.592,6.538
1023,938,D,33.392,0.779,True,16.682,5.415,2.915,8.381
538,939,D,33.321,0.695,True,1.614,15.774,15.22,0.713
776,940,D,33.298,0.909,False,5.955,11.984,9.345,6.013
958,941,D,33.287,0.717,True,2.834,11.233,17.202,2.018
425,942,D,33.235,0.704,True,0.359,16.738,14.296,1.843
635,943,D,33.195,0.789,True,14.744,8.498,1.202,8.751
339,944,D,32.937,0.793,True,8.323,18.498,4.045,2.072
1082,945,D,32.796,0.739,True,23.749,3.24,5.067,0.74
266,946,D,32.726,0.815,False,3.48,19.372,5.57,4.305
752,947,D,32.704,0.808,False,9.327,9.731,1.632,12.013
61,948,D,32.655,0.914,False,5.274,14.439,8.664,4.278
869,949,D,32.637,0.839,False,15.283,13.318,3.229,0.807
55,950,D,32.632,0.733,True,4.771,22.197,1.507,4.157
322,951,D,32.61,0.883,False,7.605,15.583,2.87,6.552
902,952,D,32.574,0.738,True,6.673,4.126,19.166,2.61
282,953,D,32.321,0.792,True,3.516,11.2,16.771,0.834
39,954,D,32.209,0.759,True,6.386,22.522,0.906,2.395
569,955,D,32.17,0.761,True,3.946,7.556,19.794,0.874
833,956,D,32.161,0.861,False,11.695,2.444,6.978,11.045
701,957,D,32.054,0.975,False,13.776,7.22,4.439,6.619
954,958,D,32.049,0.815,False,22.744,1.951,4.987,2.368
235,959,D,31.942,0.812,False,14.996,1.278,2.915,12.753
663,960,D,31.91,0.74,True,5.883,24.305,0.215,1.507
152,961,D,31.677,0.999,False,12.126,9.417,4.296,5.839
105,962,D,31.666,0.792,True,3.659,22.567,0.179,5.26
181,963,D,31.417,0.885,False,18.475,1.928,3.265,7.749
972,964,D,31.359,0.777,True,0.646,24.978,0.072,5.664
829,965,D,31.247,0.946,False,14.852,4.686,9.812,1.897
770,966,D,31.206,0.903,False,19.193,1.166,5.157,5.691
456,967,D,31.2,0.944,False,16.861,5.729,7.749,0.861
328,968,D,31.188,0.855,False,3.623,5.202,17.372,4.991
575,969,D,31.173,0.903,False,10.547,9.137,0.43,11.058
1107,970,D,31.135,0.94,False,17.22,4.238,2.601,7.076
1109,971,D,31.045,0.939,False,6.96,4.731,8.269,11.085
268,972,D,30.978,0.988,False,6.601,14.126,6.323,3.928
583,973,D,30.964,0.935,False,3.121,7.063,12.924,7.857
436,974,D,30.93,0.982,False,11.587,3.195,10.242,5.906
737,975,D,30.895,0.968,False,16.502,7.388,6.251,0.753
102,976,D,30.883,0.844,False,24.143,4.978,1.076,0.686
294,977,D,30.874,0.961,False,13.668,4.081,11.121,2.004
589,978,D,30.789,0.899,False,5.058,18.161,0.09,7.48
559,979,D,30.612,0.996,False,14.529,7.388,5.937,2.758
218,980,D,30.596,0.919,False,7.534,6.413,15.372,1.278
997,981,D,30.57,0.899,False,8.61,5.112,3.193,13.655
949,982,D,30.489,0.958,False,10.368,5.987,3.372,10.762
480,983,D,30.408,0.988,False,7.067,8.184,12.036,3.121
889,984,D,29.913,0.992,False,2.439,11.2,9.749,6.525
946,985,D,29.886,0.968,False,2.691,10.818,13.417,2.96
1028,986,D,29.791,0.952,False,5.381,17.836,1.22,5.354
331,987,D,29.776,0.946,False,16.753,0.426,10.673,1.924
208,988,D,29.704,0.932,False,0.143,14.462,13.982,1.117
641,989,D,29.668,0.958,False,13.596,2.825,2.646,10.601
734,990,D,29.61,0.949,False,15.39,2.197,1.677,10.345
364,991,D,29.453,0.933,False,4.592,20.538,0.987,3.336
212,992,D,29.291,0.964,False,5.74,2.175,11.489,9.888
764,993,D,29.238,0.908,False,0.825,21.816,0.717,5.879
703,994,D,29.202,0.986,False,0.502,13.632,7.964,7.103
2,995,D,29.119,1.0,False,7.211,10.482,6.502,4.924
1111,996,D,29.117,0.951,False,9.363,0.65,6.726,12.377
131,997,D,29.049,1.0,False,9.578,4.709,7.336,7.426
426,998,D,29.049,1.0,False,7.821,11.794,6.126,3.309
1098,999,D,29.02,0.987,False,9.435,5.034,12.843,1.709
795,1000,D,28.933,0.978,False,4.377,15.291,1.004,8.26
176,1001,D,28.845,1.0,False,9.65,7.119,7.516,4.561
816,1002,D,28.836,0.992,False,8.179,7.343,12.466,0.848
758,1003,D,28.807,0.974,False,6.422,5.448,14.691,2.247
1031,1004,D,28.715,0.971,False,6.314,6.244,3.874,12.283
165,1005,D,28.601,0.944,False,2.188,2.422,16.538,7.453
563,1006,D,28.511,0.976,False,11.767,0.695,13.238,2.812
127,1007,D,28.487,1.0,False,9.076,10.998,5.211,3.202
555,1008,D,28.478,0.986,False,8.682,3.374,5.605,10.816
468,1009,D,28.475,0.956,False,20.556,0.448,1.767,5.704
483,1010,D,28.437,1.0,False,7.139,12.253,6.879,2.166
924,1011,D,28.426,0.989,False,5.489,3.475,9.13,10.332
219,1012,D,28.35,0.938,False,0.287,7.601,18.054,2.408
1049,1013,D,28.267,0.953,False,2.009,9.518,16.43,0.309
864,1014,D,28.262,0.962,False,2.978,7.904,16.036,1.345
800,1015,D,28.233,0.981,False,10.224,0.247,7.202,10.561
501,1016,D,28.157,1.0,False,10.583,2.937,8.126,6.511
314,1017,D,28.152,1.0,False,8.215,3.027,10.87,6.04
404,1018,D,27.993,0.996,False,5.848,16.065,1.453,4.628
577,1019,D,27.973,0.979,False,7.175,1.188,14.673,4.937
873,1020,D,27.83,0.961,False,1.543,4.507,17.058,4.722
875,1021,D,27.713,0.99,False,7.785,4.036,5.157,10.735
121,1022,D,27.682,1.0,False,3.767,6.794,11.444,5.677
117,1023,D,27.668,0.976,False,1.722,7.287,15.713,2.946
486,1024,D,27.596,1.0,False,2.942,11.883,8.682,4.09
1,1025,D,27.574,0.984,False,5.561,2.735,14.502,4.776
837,1026,D,27.547,0.925,False,0.682,24.709,0.126,2.031
345,1027,D,27.513,0.991,False,4.484,2.635,13.668,6.726
46,1028,D,27.471,1.0,False,10.404,9.238,4.143,3.686
488,1029,D,27.018,0.999,False,1.22,6.883,11.274,7.641
136,1030,D,26.964,0.958,False,11.408,0.673,0.879,14.004
44,1031,D,26.924,1.0,False,11.265,3.117,7.444,5.099
988,1032,D,26.825,0.977,False,5.166,4.641,16.52,0.498
573,1033,D,26.61,0.98,False,1.973,3.049,8.807,12.78
642,1034,D,26.484,0.997,False,1.148,10.314,12.87,2.152
5,1035,D,26.374,1.0,False,5.022,11.76,4.197,5.395
1095,1036,D,26.027,1.0,False,5.812,12.018,7.175,1.022
220,1037,D,25.726,1.0,False,6.852,5.65,11.085,2.139
6,1038,D,25.709,1.0,False,11.623,1.457,7.247,5.381
969,1039,D,25.646,0.961,False,0.789,23.879,0.789,0.188
659,1040,D,25.352,1.0,False,12.592,3.083,5.453,4.224
861,1041,D,25.318,0.974,False,0.753,22.489,1.256,0.821
619,1042,D,25.253,1.0,False,3.085,7.769,5.318,9.081
170,1043,D,25.188,1.0,False,7.498,1.794,9.184,6.713
78,1044,D,25.179,0.998,False,1.291,15.247,6.691,1.951
405,1045,D,25.148,1.0,False,3.982,13.386,0.906,6.874
610,1046,D,24.984,1.0,False,2.583,12.298,6.565,3.538
899,1047,D,24.742,1.0,False,9.507,4.406,3.605,7.224
48,1048,D,24.717,0.996,False,1.937,1.099,15.103,6.578
391,1049,D,24.661,1.0,False,13.058,1.312,5.919,4.372
452,1050,D,24.52,0.999,False,8.359,3.52,1.892,10.749
332,1051,D,24.5,0.998,False,1.327,7.904,13.507,1.762
183,1052,D,24.383,1.0,False,6.063,11.312,3.659,3.35
242,1053,D,23.944,0.998,False,2.332,8.352,1.677,11.583
166,1054,D,23.717,1.0,False,14.099,1.57,6.879,1.17
743,1055,D,23.657,1.0,False,1.507,11.424,4.296,6.43
462,1056,D,23.617,1.0,False,6.206,4.809,9.345,3.256
1030,1057,D,23.601,1.0,False,1.04,8.812,2.717,11.031
732,1058,D,23.511,1.0,False,14.063,3.565,0.287,5.596
110,1059,D,23.469,1.0,False,4.161,3.7,13.139,2.469
253,1060,D,23.381,1.0,False,13.274,3.991,1.596,4.52
639,1061,D,22.785,1.0,False,5.417,1.839,7.283,8.247
567,1062,D,22.587,1.0,False,9.112,1.704,9.094,2.677
649,1063,D,22.531,1.0,False,1.184,9.989,3.677,7.682
210,1064,D,22.48,1.0,False,0.323,8.43,5.265,8.462
811,1065,D,22.471,0.996,False,2.404,2.399,17.453,0.215
1035,1066,D,22.303,1.0,False,6.529,7.119,3.839,4.816
1100,1067,D,22.141,1.0,False,10.906,7.186,0.377,3.673
435,1068,D,22.117,1.0,False,0.466,1.726,14.852,5.072
581,1069,D,22.04,1.0,False,10.117,3.341,2.26,6.323
460,1070,D,21.989,1.0,False,1.363,7.253,2.475,10.897
286,1071,D,21.314,0.999,False,6.996,1.435,0.816,12.067
530,1072,D,21.22,1.0,False,4.915,15.942,0.108,0.256
1042,1073,D,21.081,1.0,False,2.368,2.892,13.776,2.045
32,1074,D,20.944,1.0,False,2.224,5.168,8.493,5.058
324,1075,D,20.897,1.0,False,12.807,1.883,3.327,2.879
908,1076,D,20.888,1.0,False,2.798,3.543,2.117,12.43
852,1077,D,20.626,1.0,False,4.843,5.818,7.031,2.933
543,1078,D,20.469,1.0,False,0.072,7.814,0.233,12.35
91,1079,D,20.291,1.0,False,12.233,0.022,1.794,6.242
986,1080,D,20.0,1.0,False,17.112,0.628,0.323,1.937
177,1081,D,19.879,1.0,False,2.152,3.296,10.26,4.17
40,1082,D,19.789,1.0,False,6.78,0.583,10.771,1.655
977,1083,D,19.619,1.0,False,5.704,5.762,0.969,7.184
585,1084,D,19.323,1.0,False,12.771,0.493,5.507,0.552
1013,1085,D,19.108,1.0,False,2.117,1.345,9.525,6.121
688,1086,D,19.07,1.0,False,1.076,5.572,3.57,8.852
700,1087,D,18.913,1.0,False,3.265,11.132,0.197,4.318
446,1088,D,18.776,1.0,False,7.031,2.332,6.816,2.596
86,1089,D,18.415,1.0,False,5.13,5.628,5.094,2.563
844,1090,D,18.029,1.0,False,2.547,2.791,5.991,6.7
28,1091,D,18.027,1.0,False,9.937,0.538,1.148,6.404
276,1092,D,17.735,1.0,False,2.296,0.83,11.785,2.825
749,1093,D,17.65,1.0,False,8.861,0.291,4.61,3.888
781,1094,D,17.594,1.0,False,6.924,6.446,2.744,1.48
193,1095,D,17.574,1.0,False,10.511,3.901,2.368,0.794
751,1096,D,17.471,1.0,False,2.762,4.17,8.951,1.587
931,1097,D,17.168,1.0,False,1.004,10.191,2.233,3.74
970,1098,D,17.067,1.0,False,0.538,1.682,10.637,4.211
558,1099,D,16.798,1.0,False,0.395,1.614,13.578,1.211
72,1100,D,16.179,1.0,False,3.552,3.969,1.65,7.009
839,1101,D,15.614,1.0,False,8.108,0.09,4.269,3.148
473,1102,D,15.605,1.0,False,0.861,7.556,5.749,1.439
1081,1103,D,15.596,1.0,False,14.888,0.336,0.036,0.336
307,1104,D,15.004,1.0,False,0.036,7.309,2.09,5.57
675,1105,D,14.309,1.0,False,3.049,1.121,2.404,7.735
681,1106,D,13.843,1.0,False,0.933,11.054,0.484,1.372
30,1107,D,13.839,1.0,False,9.758,0.471,2.843,0.767
607,1108,D,12.161,1.0,False,1.865,2.556,0.341,7.399
557,1109,D,11.91,1.0,False,3.444,3.857,4.126,0.484
881,1110,D,11.435,1.0,False,2.655,4.439,3.641,0.7
198,1111,D,10.8,1.0,False,0.108,5.37,0.143,5.179
570,1112,D,9.628,1.0,False,4.197,1.502,3.148,0.78
956,1113,D,9.511,1.0,False,1.578,0.404,4.906,2.623
786,1114,D,8.614,1.0,False,0.897,2.578,4.709,0.43
841,1115,D,7.798,1.0,False,0.179,1.143,5.184,1.291
